model,space,floor_mode,floor_setting,floor_cosine,mean_edge_sim,edges_kept_pct,isolated_nodes,resolution,min_size,n_keywords,n_clusters,n_noise,noise_pct,largest,median_size,clusters_lt_10
embeddinggemma,raw,abs,0.0,0.0,0.7509,100.0,0,1.0,1,19801,43,0,0.0,1953,315,0
embeddinggemma,raw,abs,0.0,0.0,0.7509,100.0,0,1.0,3,19801,43,0,0.0,1953,315,0
embeddinggemma,raw,abs,0.0,0.0,0.7509,100.0,0,1.0,10,19801,43,0,0.0,1953,315,0
embeddinggemma,raw,abs,0.0,0.0,0.7509,100.0,0,2.0,1,19801,70,0,0.0,1237,211,0
embeddinggemma,raw,abs,0.0,0.0,0.7509,100.0,0,2.0,3,19801,70,0,0.0,1237,211,0
embeddinggemma,raw,abs,0.0,0.0,0.7509,100.0,0,2.0,10,19801,70,0,0.0,1237,211,0
embeddinggemma,raw,abs,0.0,0.0,0.7509,100.0,0,4.0,1,19801,102,0,0.0,778,161,0
embeddinggemma,raw,abs,0.0,0.0,0.7509,100.0,0,4.0,3,19801,102,0,0.0,778,161,0
embeddinggemma,raw,abs,0.0,0.0,0.7509,100.0,0,4.0,10,19801,102,0,0.0,778,161,0
embeddinggemma,raw,abs,0.0,0.0,0.7509,100.0,0,8.0,1,19801,148,0,0.0,458,116,0
embeddinggemma,raw,abs,0.0,0.0,0.7509,100.0,0,8.0,3,19801,148,0,0.0,458,116,0
embeddinggemma,raw,abs,0.0,0.0,0.7509,100.0,0,8.0,10,19801,148,0,0.0,458,116,0
embeddinggemma,raw,abs,0.5,0.5,0.7509,99.5,11,1.0,1,19801,44,11,0.06,2098,317,0
embeddinggemma,raw,abs,0.5,0.5,0.7509,99.5,11,1.0,3,19801,44,11,0.06,2098,317,0
embeddinggemma,raw,abs,0.5,0.5,0.7509,99.5,11,1.0,10,19801,44,11,0.06,2098,317,0
embeddinggemma,raw,abs,0.5,0.5,0.7509,99.5,11,2.0,1,19801,67,11,0.06,1309,218,0
embeddinggemma,raw,abs,0.5,0.5,0.7509,99.5,11,2.0,3,19801,67,11,0.06,1309,218,0
embeddinggemma,raw,abs,0.5,0.5,0.7509,99.5,11,2.0,10,19801,67,11,0.06,1309,218,0
embeddinggemma,raw,abs,0.5,0.5,0.7509,99.5,11,4.0,1,19801,96,11,0.06,766,172,0
embeddinggemma,raw,abs,0.5,0.5,0.7509,99.5,11,4.0,3,19801,96,11,0.06,766,172,0
embeddinggemma,raw,abs,0.5,0.5,0.7509,99.5,11,4.0,10,19801,96,11,0.06,766,172,0
embeddinggemma,raw,abs,0.5,0.5,0.7509,99.5,11,8.0,1,19801,148,11,0.06,453,116,0
embeddinggemma,raw,abs,0.5,0.5,0.7509,99.5,11,8.0,3,19801,148,11,0.06,453,116,0
embeddinggemma,raw,abs,0.5,0.5,0.7509,99.5,11,8.0,10,19801,148,11,0.06,453,116,0
embeddinggemma,raw,abs,0.7,0.7,0.7509,70.5,1241,1.0,1,19801,161,1241,6.27,1135,3,108
embeddinggemma,raw,abs,0.7,0.7,0.7509,70.5,1241,1.0,3,19801,84,1395,7.05,1135,131,31
embeddinggemma,raw,abs,0.7,0.7,0.7509,70.5,1241,1.0,10,19801,53,1508,7.62,1135,270,0
embeddinggemma,raw,abs,0.7,0.7,0.7509,70.5,1241,2.0,1,19801,182,1241,6.27,792,3,110
embeddinggemma,raw,abs,0.7,0.7,0.7509,70.5,1241,2.0,3,19801,105,1395,7.05,792,127,33
embeddinggemma,raw,abs,0.7,0.7,0.7509,70.5,1241,2.0,10,19801,72,1520,7.68,792,206,0
embeddinggemma,raw,abs,0.7,0.7,0.7509,70.5,1241,4.0,1,19801,216,1241,6.27,670,6,114
embeddinggemma,raw,abs,0.7,0.7,0.7509,70.5,1241,4.0,3,19801,139,1395,7.05,670,104,37
embeddinggemma,raw,abs,0.7,0.7,0.7509,70.5,1241,4.0,10,19801,102,1551,7.83,670,153,0
embeddinggemma,raw,abs,0.7,0.7,0.7509,70.5,1241,8.0,1,19801,270,1241,6.27,455,33,116
embeddinggemma,raw,abs,0.7,0.7,0.7509,70.5,1241,8.0,3,19801,193,1395,7.05,455,73,39
embeddinggemma,raw,abs,0.7,0.7,0.7509,70.5,1241,8.0,10,19801,154,1564,7.9,455,99,0
embeddinggemma,raw,pct,0.0,0.0,0.7509,100.0,0,1.0,1,19801,43,0,0.0,1953,315,0
embeddinggemma,raw,pct,0.0,0.0,0.7509,100.0,0,1.0,3,19801,43,0,0.0,1953,315,0
embeddinggemma,raw,pct,0.0,0.0,0.7509,100.0,0,1.0,10,19801,43,0,0.0,1953,315,0
embeddinggemma,raw,pct,0.0,0.0,0.7509,100.0,0,2.0,1,19801,70,0,0.0,1237,211,0
embeddinggemma,raw,pct,0.0,0.0,0.7509,100.0,0,2.0,3,19801,70,0,0.0,1237,211,0
embeddinggemma,raw,pct,0.0,0.0,0.7509,100.0,0,2.0,10,19801,70,0,0.0,1237,211,0
embeddinggemma,raw,pct,0.0,0.0,0.7509,100.0,0,4.0,1,19801,102,0,0.0,778,161,0
embeddinggemma,raw,pct,0.0,0.0,0.7509,100.0,0,4.0,3,19801,102,0,0.0,778,161,0
embeddinggemma,raw,pct,0.0,0.0,0.7509,100.0,0,4.0,10,19801,102,0,0.0,778,161,0
embeddinggemma,raw,pct,0.0,0.0,0.7509,100.0,0,8.0,1,19801,148,0,0.0,458,116,0
embeddinggemma,raw,pct,0.0,0.0,0.7509,100.0,0,8.0,3,19801,148,0,0.0,458,116,0
embeddinggemma,raw,pct,0.0,0.0,0.7509,100.0,0,8.0,10,19801,148,0,0.0,458,116,0
embeddinggemma,raw,pct,25.0,0.6875,0.7509,75.0,1011,1.0,1,19801,124,1011,5.11,1199,3,76
embeddinggemma,raw,pct,25.0,0.6875,0.7509,75.0,1011,1.0,3,19801,72,1115,5.63,1199,168,24
embeddinggemma,raw,pct,25.0,0.6875,0.7509,75.0,1011,1.0,10,19801,48,1199,6.06,1199,292,0
embeddinggemma,raw,pct,25.0,0.6875,0.7509,75.0,1011,2.0,1,19801,148,1011,5.11,1052,4,78
embeddinggemma,raw,pct,25.0,0.6875,0.7509,75.0,1011,2.0,3,19801,96,1115,5.63,1052,161,26
embeddinggemma,raw,pct,25.0,0.6875,0.7509,75.0,1011,2.0,10,19801,70,1213,6.13,1052,216,0
embeddinggemma,raw,pct,25.0,0.6875,0.7509,75.0,1011,4.0,1,19801,182,1011,5.11,719,47,79
embeddinggemma,raw,pct,25.0,0.6875,0.7509,75.0,1011,4.0,3,19801,130,1115,5.63,719,125,27
embeddinggemma,raw,pct,25.0,0.6875,0.7509,75.0,1011,4.0,10,19801,103,1217,6.15,719,155,0
embeddinggemma,raw,pct,25.0,0.6875,0.7509,75.0,1011,8.0,1,19801,234,1011,5.11,488,52,81
embeddinggemma,raw,pct,25.0,0.6875,0.7509,75.0,1011,8.0,3,19801,182,1115,5.63,488,83,29
embeddinggemma,raw,pct,25.0,0.6875,0.7509,75.0,1011,8.0,10,19801,153,1226,6.19,488,103,0
embeddinggemma,raw,pct,50.0,0.7521,0.7509,50.0,2811,1.0,1,19801,397,2811,14.2,1016,2,334
embeddinggemma,raw,pct,50.0,0.7521,0.7509,50.0,2811,1.0,3,19801,190,3225,16.29,1016,5,127
embeddinggemma,raw,pct,50.0,0.7521,0.7509,50.0,2811,1.0,10,19801,63,3734,18.86,1016,217,0
embeddinggemma,raw,pct,50.0,0.7521,0.7509,50.0,2811,2.0,1,19801,423,2811,14.2,701,3,335
embeddinggemma,raw,pct,50.0,0.7521,0.7509,50.0,2811,2.0,3,19801,216,3225,16.29,701,5,128
embeddinggemma,raw,pct,50.0,0.7521,0.7509,50.0,2811,2.0,10,19801,88,3739,18.88,701,165,0
embeddinggemma,raw,pct,50.0,0.7521,0.7509,50.0,2811,4.0,1,19801,464,2811,14.2,477,3,339
embeddinggemma,raw,pct,50.0,0.7521,0.7509,50.0,2811,4.0,3,19801,257,3225,16.29,477,9,132
embeddinggemma,raw,pct,50.0,0.7521,0.7509,50.0,2811,4.0,10,19801,125,3767,19.02,477,106,0
embeddinggemma,raw,pct,50.0,0.7521,0.7509,50.0,2811,8.0,1,19801,520,2811,14.2,302,3,350
embeddinggemma,raw,pct,50.0,0.7521,0.7509,50.0,2811,8.0,3,19801,313,3225,16.29,302,15,143
embeddinggemma,raw,pct,50.0,0.7521,0.7509,50.0,2811,8.0,10,19801,170,3827,19.33,302,80,0
embeddinggemma,background,abs,0.0,0.0,0.5602,100.0,0,1.0,1,19801,49,0,0.0,1713,329,0
embeddinggemma,background,abs,0.0,0.0,0.5602,100.0,0,1.0,3,19801,49,0,0.0,1713,329,0
embeddinggemma,background,abs,0.0,0.0,0.5602,100.0,0,1.0,10,19801,49,0,0.0,1713,329,0
embeddinggemma,background,abs,0.0,0.0,0.5602,100.0,0,2.0,1,19801,78,0,0.0,716,224,0
embeddinggemma,background,abs,0.0,0.0,0.5602,100.0,0,2.0,3,19801,78,0,0.0,716,224,0
embeddinggemma,background,abs,0.0,0.0,0.5602,100.0,0,2.0,10,19801,78,0,0.0,716,224,0
embeddinggemma,background,abs,0.0,0.0,0.5602,100.0,0,4.0,1,19801,120,0,0.0,571,152,0
embeddinggemma,background,abs,0.0,0.0,0.5602,100.0,0,4.0,3,19801,120,0,0.0,571,152,0
embeddinggemma,background,abs,0.0,0.0,0.5602,100.0,0,4.0,10,19801,120,0,0.0,571,152,0
embeddinggemma,background,abs,0.0,0.0,0.5602,100.0,0,8.0,1,19801,175,0,0.0,380,96,0
embeddinggemma,background,abs,0.0,0.0,0.5602,100.0,0,8.0,3,19801,175,0,0.0,380,96,0
embeddinggemma,background,abs,0.0,0.0,0.5602,100.0,0,8.0,10,19801,175,0,0.0,380,96,0
embeddinggemma,background,abs,0.5,0.5,0.5602,65.0,1993,1.0,1,19801,358,1993,10.07,1386,3,291
embeddinggemma,background,abs,0.5,0.5,0.5602,65.0,1993,1.0,3,19801,185,2339,11.81,1386,5,118
embeddinggemma,background,abs,0.5,0.5,0.5602,65.0,1993,1.0,10,19801,67,2815,14.22,1386,175,0
embeddinggemma,background,abs,0.5,0.5,0.5602,65.0,1993,2.0,1,19801,382,1993,10.07,592,3,292
embeddinggemma,background,abs,0.5,0.5,0.5602,65.0,1993,2.0,3,19801,209,2339,11.81,592,6,119
embeddinggemma,background,abs,0.5,0.5,0.5602,65.0,1993,2.0,10,19801,90,2820,14.24,592,171,0
embeddinggemma,background,abs,0.5,0.5,0.5602,65.0,1993,4.0,1,19801,426,1993,10.07,552,3,293
embeddinggemma,background,abs,0.5,0.5,0.5602,65.0,1993,4.0,3,19801,253,2339,11.81,552,16,120
embeddinggemma,background,abs,0.5,0.5,0.5602,65.0,1993,4.0,10,19801,133,2829,14.29,552,109,0
embeddinggemma,background,abs,0.5,0.5,0.5602,65.0,1993,8.0,1,19801,485,1993,10.07,375,4,304
embeddinggemma,background,abs,0.5,0.5,0.5602,65.0,1993,8.0,3,19801,312,2339,11.81,375,28,131
embeddinggemma,background,abs,0.5,0.5,0.5602,65.0,1993,8.0,10,19801,181,2892,14.61,375,78,0
embeddinggemma,background,abs,0.7,0.7,0.5602,24.0,6958,1.0,1,19801,1290,6958,35.14,649,2,1156
embeddinggemma,background,abs,0.7,0.7,0.5602,24.0,6958,1.0,3,19801,566,8406,42.45,649,4,432
embeddinggemma,background,abs,0.7,0.7,0.5602,24.0,6958,1.0,10,19801,134,10222,51.62,649,28,0
embeddinggemma,background,abs,0.7,0.7,0.5602,24.0,6958,2.0,1,19801,1311,6958,35.14,451,2,1161
embeddinggemma,background,abs,0.7,0.7,0.5602,24.0,6958,2.0,3,19801,587,8406,42.45,451,4,437
embeddinggemma,background,abs,0.7,0.7,0.5602,24.0,6958,2.0,10,19801,150,10258,51.81,451,28,0
embeddinggemma,background,abs,0.7,0.7,0.5602,24.0,6958,4.0,1,19801,1343,6958,35.14,296,2,1169
embeddinggemma,background,abs,0.7,0.7,0.5602,24.0,6958,4.0,3,19801,619,8406,42.45,296,5,445
embeddinggemma,background,abs,0.7,0.7,0.5602,24.0,6958,4.0,10,19801,174,10308,52.06,296,31,0
embeddinggemma,background,abs,0.7,0.7,0.5602,24.0,6958,8.0,1,19801,1381,6958,35.14,194,2,1179
embeddinggemma,background,abs,0.7,0.7,0.5602,24.0,6958,8.0,3,19801,657,8406,42.45,194,5,455
embeddinggemma,background,abs,0.7,0.7,0.5602,24.0,6958,8.0,10,19801,202,10365,52.35,194,30,0
embeddinggemma,background,pct,0.0,0.0,0.5602,100.0,0,1.0,1,19801,49,0,0.0,1713,329,0
embeddinggemma,background,pct,0.0,0.0,0.5602,100.0,0,1.0,3,19801,49,0,0.0,1713,329,0
embeddinggemma,background,pct,0.0,0.0,0.5602,100.0,0,1.0,10,19801,49,0,0.0,1713,329,0
embeddinggemma,background,pct,0.0,0.0,0.5602,100.0,0,2.0,1,19801,78,0,0.0,716,224,0
embeddinggemma,background,pct,0.0,0.0,0.5602,100.0,0,2.0,3,19801,78,0,0.0,716,224,0
embeddinggemma,background,pct,0.0,0.0,0.5602,100.0,0,2.0,10,19801,78,0,0.0,716,224,0
embeddinggemma,background,pct,0.0,0.0,0.5602,100.0,0,4.0,1,19801,120,0,0.0,571,152,0
embeddinggemma,background,pct,0.0,0.0,0.5602,100.0,0,4.0,3,19801,120,0,0.0,571,152,0
embeddinggemma,background,pct,0.0,0.0,0.5602,100.0,0,4.0,10,19801,120,0,0.0,571,152,0
embeddinggemma,background,pct,0.0,0.0,0.5602,100.0,0,8.0,1,19801,175,0,0.0,380,96,0
embeddinggemma,background,pct,0.0,0.0,0.5602,100.0,0,8.0,3,19801,175,0,0.0,380,96,0
embeddinggemma,background,pct,0.0,0.0,0.5602,100.0,0,8.0,10,19801,175,0,0.0,380,96,0
embeddinggemma,background,pct,25.0,0.4386,0.5602,75.0,1319,1.0,1,19801,216,1319,6.66,1312,3,157
embeddinggemma,background,pct,25.0,0.4386,0.5602,75.0,1319,1.0,3,19801,122,1507,7.61,1312,9,63
embeddinggemma,background,pct,25.0,0.4386,0.5602,75.0,1319,1.0,10,19801,59,1778,8.98,1312,251,0
embeddinggemma,background,pct,25.0,0.4386,0.5602,75.0,1319,2.0,1,19801,242,1319,6.66,573,3,156
embeddinggemma,background,pct,25.0,0.4386,0.5602,75.0,1319,2.0,3,19801,148,1507,7.61,573,70,62
embeddinggemma,background,pct,25.0,0.4386,0.5602,75.0,1319,2.0,10,19801,86,1768,8.93,573,179,0
embeddinggemma,background,pct,25.0,0.4386,0.5602,75.0,1319,4.0,1,19801,282,1319,6.66,574,5,159
embeddinggemma,background,pct,25.0,0.4386,0.5602,75.0,1319,4.0,3,19801,188,1507,7.61,574,73,65
embeddinggemma,background,pct,25.0,0.4386,0.5602,75.0,1319,4.0,10,19801,123,1786,9.02,574,130,0
embeddinggemma,background,pct,25.0,0.4386,0.5602,75.0,1319,8.0,1,19801,337,1319,6.66,384,17,162
embeddinggemma,background,pct,25.0,0.4386,0.5602,75.0,1319,8.0,3,19801,243,1507,7.61,384,55,68
embeddinggemma,background,pct,25.0,0.4386,0.5602,75.0,1319,8.0,10,19801,175,1808,9.13,384,88,0
embeddinggemma,background,pct,50.0,0.5749,0.5602,50.0,3290,1.0,1,19801,582,3290,16.62,892,2,495
embeddinggemma,background,pct,50.0,0.5749,0.5602,50.0,3290,1.0,3,19801,287,3880,19.59,892,4,200
embeddinggemma,background,pct,50.0,0.5749,0.5602,50.0,3290,1.0,10,19801,87,4679,23.63,892,131,0
embeddinggemma,background,pct,50.0,0.5749,0.5602,50.0,3290,2.0,1,19801,611,3290,16.62,592,3,499
embeddinggemma,background,pct,50.0,0.5749,0.5602,50.0,3290,2.0,3,19801,316,3880,19.59,592,5,204
embeddinggemma,background,pct,50.0,0.5749,0.5602,50.0,3290,2.0,10,19801,112,4705,23.76,592,100,0
embeddinggemma,background,pct,50.0,0.5749,0.5602,50.0,3290,4.0,1,19801,660,3290,16.62,386,3,509
embeddinggemma,background,pct,50.0,0.5749,0.5602,50.0,3290,4.0,3,19801,365,3880,19.59,386,6,214
embeddinggemma,background,pct,50.0,0.5749,0.5602,50.0,3290,4.0,10,19801,151,4757,24.02,386,80,0
embeddinggemma,background,pct,50.0,0.5749,0.5602,50.0,3290,8.0,1,19801,720,3290,16.62,269,3,522
embeddinggemma,background,pct,50.0,0.5749,0.5602,50.0,3290,8.0,3,19801,425,3880,19.59,269,7,227
embeddinggemma,background,pct,50.0,0.5749,0.5602,50.0,3290,8.0,10,19801,198,4828,24.38,269,60,0
qwen3_06b,raw,abs,0.0,0.0,0.8349,100.0,0,1.0,1,19801,43,0,0.0,1811,341,0
qwen3_06b,raw,abs,0.0,0.0,0.8349,100.0,0,1.0,3,19801,43,0,0.0,1811,341,0
qwen3_06b,raw,abs,0.0,0.0,0.8349,100.0,0,1.0,10,19801,43,0,0.0,1811,341,0
qwen3_06b,raw,abs,0.0,0.0,0.8349,100.0,0,2.0,1,19801,70,0,0.0,1041,240,0
qwen3_06b,raw,abs,0.0,0.0,0.8349,100.0,0,2.0,3,19801,70,0,0.0,1041,240,0
qwen3_06b,raw,abs,0.0,0.0,0.8349,100.0,0,2.0,10,19801,70,0,0.0,1041,240,0
qwen3_06b,raw,abs,0.0,0.0,0.8349,100.0,0,4.0,1,19801,101,0,0.0,598,188,0
qwen3_06b,raw,abs,0.0,0.0,0.8349,100.0,0,4.0,3,19801,101,0,0.0,598,188,0
qwen3_06b,raw,abs,0.0,0.0,0.8349,100.0,0,4.0,10,19801,101,0,0.0,598,188,0
qwen3_06b,raw,abs,0.0,0.0,0.8349,100.0,0,8.0,1,19801,158,0,0.0,363,118,0
qwen3_06b,raw,abs,0.0,0.0,0.8349,100.0,0,8.0,3,19801,158,0,0.0,363,118,0
qwen3_06b,raw,abs,0.0,0.0,0.8349,100.0,0,8.0,10,19801,158,0,0.0,363,118,0
qwen3_06b,raw,abs,0.5,0.5,0.8349,99.9,1,1.0,1,19801,45,1,0.01,1784,309,0
qwen3_06b,raw,abs,0.5,0.5,0.8349,99.9,1,1.0,3,19801,45,1,0.01,1784,309,0
qwen3_06b,raw,abs,0.5,0.5,0.8349,99.9,1,1.0,10,19801,45,1,0.01,1784,309,0
qwen3_06b,raw,abs,0.5,0.5,0.8349,99.9,1,2.0,1,19801,65,1,0.01,994,254,0
qwen3_06b,raw,abs,0.5,0.5,0.8349,99.9,1,2.0,3,19801,65,1,0.01,994,254,0
qwen3_06b,raw,abs,0.5,0.5,0.8349,99.9,1,2.0,10,19801,65,1,0.01,994,254,0
qwen3_06b,raw,abs,0.5,0.5,0.8349,99.9,1,4.0,1,19801,100,1,0.01,646,190,0
qwen3_06b,raw,abs,0.5,0.5,0.8349,99.9,1,4.0,3,19801,100,1,0.01,646,190,0
qwen3_06b,raw,abs,0.5,0.5,0.8349,99.9,1,4.0,10,19801,100,1,0.01,646,190,0
qwen3_06b,raw,abs,0.5,0.5,0.8349,99.9,1,8.0,1,19801,154,1,0.01,373,123,0
qwen3_06b,raw,abs,0.5,0.5,0.8349,99.9,1,8.0,3,19801,154,1,0.01,373,123,0
qwen3_06b,raw,abs,0.5,0.5,0.8349,99.9,1,8.0,10,19801,154,1,0.01,373,123,0
qwen3_06b,raw,abs,0.7,0.7,0.8349,96.1,171,1.0,1,19801,56,171,0.86,1963,236,10
qwen3_06b,raw,abs,0.7,0.7,0.8349,96.1,171,1.0,3,19801,48,187,0.94,1963,291,2
qwen3_06b,raw,abs,0.7,0.7,0.8349,96.1,171,1.0,10,19801,46,194,0.98,1963,295,0
qwen3_06b,raw,abs,0.7,0.7,0.8349,96.1,171,2.0,1,19801,79,171,0.86,939,209,10
qwen3_06b,raw,abs,0.7,0.7,0.8349,96.1,171,2.0,3,19801,71,187,0.94,939,225,2
qwen3_06b,raw,abs,0.7,0.7,0.8349,96.1,171,2.0,10,19801,69,194,0.98,939,231,0
qwen3_06b,raw,abs,0.7,0.7,0.8349,96.1,171,4.0,1,19801,111,171,0.86,637,160,10
qwen3_06b,raw,abs,0.7,0.7,0.8349,96.1,171,4.0,3,19801,103,187,0.94,637,175,2
qwen3_06b,raw,abs,0.7,0.7,0.8349,96.1,171,4.0,10,19801,101,194,0.98,637,181,0
qwen3_06b,raw,abs,0.7,0.7,0.8349,96.1,171,8.0,1,19801,168,171,0.86,367,108,10
qwen3_06b,raw,abs,0.7,0.7,0.8349,96.1,171,8.0,3,19801,160,187,0.94,367,111,2
qwen3_06b,raw,abs,0.7,0.7,0.8349,96.1,171,8.0,10,19801,158,194,0.98,367,112,0
qwen3_06b,raw,pct,0.0,0.0,0.8349,100.0,0,1.0,1,19801,43,0,0.0,1811,341,0
qwen3_06b,raw,pct,0.0,0.0,0.8349,100.0,0,1.0,3,19801,43,0,0.0,1811,341,0
qwen3_06b,raw,pct,0.0,0.0,0.8349,100.0,0,1.0,10,19801,43,0,0.0,1811,341,0
qwen3_06b,raw,pct,0.0,0.0,0.8349,100.0,0,2.0,1,19801,70,0,0.0,1041,240,0
qwen3_06b,raw,pct,0.0,0.0,0.8349,100.0,0,2.0,3,19801,70,0,0.0,1041,240,0
qwen3_06b,raw,pct,0.0,0.0,0.8349,100.0,0,2.0,10,19801,70,0,0.0,1041,240,0
qwen3_06b,raw,pct,0.0,0.0,0.8349,100.0,0,4.0,1,19801,101,0,0.0,598,188,0
qwen3_06b,raw,pct,0.0,0.0,0.8349,100.0,0,4.0,3,19801,101,0,0.0,598,188,0
qwen3_06b,raw,pct,0.0,0.0,0.8349,100.0,0,4.0,10,19801,101,0,0.0,598,188,0
qwen3_06b,raw,pct,0.0,0.0,0.8349,100.0,0,8.0,1,19801,158,0,0.0,363,118,0
qwen3_06b,raw,pct,0.0,0.0,0.8349,100.0,0,8.0,3,19801,158,0,0.0,363,118,0
qwen3_06b,raw,pct,0.0,0.0,0.8349,100.0,0,8.0,10,19801,158,0,0.0,363,118,0
qwen3_06b,raw,pct,25.0,0.79,0.8349,75.0,1170,1.0,1,19801,172,1170,5.91,1753,2,122
qwen3_06b,raw,pct,25.0,0.79,0.8349,75.0,1170,1.0,3,19801,85,1344,6.79,1753,132,35
qwen3_06b,raw,pct,25.0,0.79,0.8349,75.0,1170,1.0,10,19801,50,1481,7.48,1753,230,0
qwen3_06b,raw,pct,25.0,0.79,0.8349,75.0,1170,2.0,1,19801,202,1170,5.91,838,3,121
qwen3_06b,raw,pct,25.0,0.79,0.8349,75.0,1170,2.0,3,19801,115,1344,6.79,838,116,34
qwen3_06b,raw,pct,25.0,0.79,0.8349,75.0,1170,2.0,10,19801,81,1476,7.45,838,192,0
qwen3_06b,raw,pct,25.0,0.79,0.8349,75.0,1170,4.0,1,19801,236,1170,5.91,609,5,124
qwen3_06b,raw,pct,25.0,0.79,0.8349,75.0,1170,4.0,3,19801,149,1344,6.79,609,89,37
qwen3_06b,raw,pct,25.0,0.79,0.8349,75.0,1170,4.0,10,19801,112,1492,7.53,609,150,0
qwen3_06b,raw,pct,25.0,0.79,0.8349,75.0,1170,8.0,1,19801,287,1170,5.91,350,33,124
qwen3_06b,raw,pct,25.0,0.79,0.8349,75.0,1170,8.0,3,19801,200,1344,6.79,350,83,37
qwen3_06b,raw,pct,25.0,0.79,0.8349,75.0,1170,8.0,10,19801,163,1498,7.57,350,105,0
qwen3_06b,raw,pct,50.0,0.8412,0.8349,50.0,3038,1.0,1,19801,510,3038,15.34,774,2,428
qwen3_06b,raw,pct,50.0,0.8412,0.8349,50.0,3038,1.0,3,19801,238,3582,18.09,774,5,156
qwen3_06b,raw,pct,50.0,0.8412,0.8349,50.0,3038,1.0,10,19801,82,4241,21.42,774,144,0
qwen3_06b,raw,pct,50.0,0.8412,0.8349,50.0,3038,2.0,1,19801,533,3038,15.34,641,2,429
qwen3_06b,raw,pct,50.0,0.8412,0.8349,50.0,3038,2.0,3,19801,261,3582,18.09,641,6,157
qwen3_06b,raw,pct,50.0,0.8412,0.8349,50.0,3038,2.0,10,19801,104,4245,21.44,641,118,0
qwen3_06b,raw,pct,50.0,0.8412,0.8349,50.0,3038,4.0,1,19801,568,3038,15.34,368,3,435
qwen3_06b,raw,pct,50.0,0.8412,0.8349,50.0,3038,4.0,3,19801,296,3582,18.09,368,7,163
qwen3_06b,raw,pct,50.0,0.8412,0.8349,50.0,3038,4.0,10,19801,133,4283,21.63,368,83,0
qwen3_06b,raw,pct,50.0,0.8412,0.8349,50.0,3038,8.0,1,19801,615,3038,15.34,275,3,440
qwen3_06b,raw,pct,50.0,0.8412,0.8349,50.0,3038,8.0,3,19801,343,3582,18.09,275,11,168
qwen3_06b,raw,pct,50.0,0.8412,0.8349,50.0,3038,8.0,10,19801,175,4314,21.79,275,75,0
qwen3_06b,background,abs,0.0,0.0,0.507,100.0,0,1.0,1,19801,55,0,0.0,1293,294,0
qwen3_06b,background,abs,0.0,0.0,0.507,100.0,0,1.0,3,19801,55,0,0.0,1293,294,0
qwen3_06b,background,abs,0.0,0.0,0.507,100.0,0,1.0,10,19801,55,0,0.0,1293,294,0
qwen3_06b,background,abs,0.0,0.0,0.507,100.0,0,2.0,1,19801,79,0,0.0,797,221,0
qwen3_06b,background,abs,0.0,0.0,0.507,100.0,0,2.0,3,19801,79,0,0.0,797,221,0
qwen3_06b,background,abs,0.0,0.0,0.507,100.0,0,2.0,10,19801,79,0,0.0,797,221,0
qwen3_06b,background,abs,0.0,0.0,0.507,100.0,0,4.0,1,19801,106,0,0.0,417,179,0
qwen3_06b,background,abs,0.0,0.0,0.507,100.0,0,4.0,3,19801,106,0,0.0,417,179,0
qwen3_06b,background,abs,0.0,0.0,0.507,100.0,0,4.0,10,19801,106,0,0.0,417,179,0
qwen3_06b,background,abs,0.0,0.0,0.507,100.0,0,8.0,1,19801,158,0,0.0,373,106,0
qwen3_06b,background,abs,0.0,0.0,0.507,100.0,0,8.0,3,19801,158,0,0.0,373,106,0
qwen3_06b,background,abs,0.0,0.0,0.507,100.0,0,8.0,10,19801,158,0,0.0,373,106,0
qwen3_06b,background,abs,0.5,0.5,0.507,52.6,3123,1.0,1,19801,596,3123,15.77,914,2,504
qwen3_06b,background,abs,0.5,0.5,0.507,52.6,3123,1.0,3,19801,284,3747,18.92,914,5,192
qwen3_06b,background,abs,0.5,0.5,0.507,52.6,3123,1.0,10,19801,92,4551,22.98,914,121,0
qwen3_06b,background,abs,0.5,0.5,0.507,52.6,3123,2.0,1,19801,622,3123,15.77,621,2,506
qwen3_06b,background,abs,0.5,0.5,0.507,52.6,3123,2.0,3,19801,310,3747,18.92,621,5,194
qwen3_06b,background,abs,0.5,0.5,0.507,52.6,3123,2.0,10,19801,116,4564,23.05,621,101,0
qwen3_06b,background,abs,0.5,0.5,0.507,52.6,3123,4.0,1,19801,655,3123,15.77,329,3,511
qwen3_06b,background,abs,0.5,0.5,0.507,52.6,3123,4.0,3,19801,343,3747,18.92,329,6,199
qwen3_06b,background,abs,0.5,0.5,0.507,52.6,3123,4.0,10,19801,144,4599,23.23,329,80,0
qwen3_06b,background,abs,0.5,0.5,0.507,52.6,3123,8.0,1,19801,714,3123,15.77,274,3,523
qwen3_06b,background,abs,0.5,0.5,0.507,52.6,3123,8.0,3,19801,402,3747,18.92,274,8,211
qwen3_06b,background,abs,0.5,0.5,0.507,52.6,3123,8.0,10,19801,191,4666,23.56,274,60,0
qwen3_06b,background,abs,0.7,0.7,0.507,17.5,8143,1.0,1,19801,1483,8143,41.12,344,2,1355
qwen3_06b,background,abs,0.7,0.7,0.507,17.5,8143,1.0,3,19801,663,9783,49.41,344,4,535
qwen3_06b,background,abs,0.7,0.7,0.507,17.5,8143,1.0,10,19801,128,12012,60.66,344,33,0
qwen3_06b,background,abs,0.7,0.7,0.507,17.5,8143,2.0,1,19801,1496,8143,41.12,314,2,1354
qwen3_06b,background,abs,0.7,0.7,0.507,17.5,8143,2.0,3,19801,676,9783,49.41,314,4,534
qwen3_06b,background,abs,0.7,0.7,0.507,17.5,8143,2.0,10,19801,142,12010,60.65,314,36,0
qwen3_06b,background,abs,0.7,0.7,0.507,17.5,8143,4.0,1,19801,1522,8143,41.12,238,2,1358
qwen3_06b,background,abs,0.7,0.7,0.507,17.5,8143,4.0,3,19801,702,9783,49.41,238,4,538
qwen3_06b,background,abs,0.7,0.7,0.507,17.5,8143,4.0,10,19801,164,12034,60.77,238,31,0
qwen3_06b,background,abs,0.7,0.7,0.507,17.5,8143,8.0,1,19801,1558,8143,41.12,139,2,1367
qwen3_06b,background,abs,0.7,0.7,0.507,17.5,8143,8.0,3,19801,738,9783,49.41,139,4,547
qwen3_06b,background,abs,0.7,0.7,0.507,17.5,8143,8.0,10,19801,191,12095,61.08,139,29,0
qwen3_06b,background,pct,0.0,0.0,0.507,100.0,0,1.0,1,19801,55,0,0.0,1293,294,0
qwen3_06b,background,pct,0.0,0.0,0.507,100.0,0,1.0,3,19801,55,0,0.0,1293,294,0
qwen3_06b,background,pct,0.0,0.0,0.507,100.0,0,1.0,10,19801,55,0,0.0,1293,294,0
qwen3_06b,background,pct,0.0,0.0,0.507,100.0,0,2.0,1,19801,79,0,0.0,797,221,0
qwen3_06b,background,pct,0.0,0.0,0.507,100.0,0,2.0,3,19801,79,0,0.0,797,221,0
qwen3_06b,background,pct,0.0,0.0,0.507,100.0,0,2.0,10,19801,79,0,0.0,797,221,0
qwen3_06b,background,pct,0.0,0.0,0.507,100.0,0,4.0,1,19801,106,0,0.0,417,179,0
qwen3_06b,background,pct,0.0,0.0,0.507,100.0,0,4.0,3,19801,106,0,0.0,417,179,0
qwen3_06b,background,pct,0.0,0.0,0.507,100.0,0,4.0,10,19801,106,0,0.0,417,179,0
qwen3_06b,background,pct,0.0,0.0,0.507,100.0,0,8.0,1,19801,158,0,0.0,373,106,0
qwen3_06b,background,pct,0.0,0.0,0.507,100.0,0,8.0,3,19801,158,0,0.0,373,106,0
qwen3_06b,background,pct,0.0,0.0,0.507,100.0,0,8.0,10,19801,158,0,0.0,373,106,0
qwen3_06b,background,pct,25.0,0.3653,0.507,75.0,1329,1.0,1,19801,240,1329,6.71,915,3,169
qwen3_06b,background,pct,25.0,0.3653,0.507,75.0,1329,1.0,3,19801,131,1547,7.81,915,13,60
qwen3_06b,background,pct,25.0,0.3653,0.507,75.0,1329,1.0,10,19801,71,1836,9.27,915,201,0
qwen3_06b,background,pct,25.0,0.3653,0.507,75.0,1329,2.0,1,19801,256,1329,6.71,942,3,167
qwen3_06b,background,pct,25.0,0.3653,0.507,75.0,1329,2.0,3,19801,147,1547,7.81,942,44,58
qwen3_06b,background,pct,25.0,0.3653,0.507,75.0,1329,2.0,10,19801,89,1820,9.19,942,164,0
qwen3_06b,background,pct,25.0,0.3653,0.507,75.0,1329,4.0,1,19801,297,1329,6.71,447,5,171
qwen3_06b,background,pct,25.0,0.3653,0.507,75.0,1329,4.0,3,19801,188,1547,7.81,447,47,62
qwen3_06b,background,pct,25.0,0.3653,0.507,75.0,1329,4.0,10,19801,126,1847,9.33,447,131,0
qwen3_06b,background,pct,25.0,0.3653,0.507,75.0,1329,8.0,1,19801,346,1329,6.71,334,9,176
qwen3_06b,background,pct,25.0,0.3653,0.507,75.0,1329,8.0,3,19801,237,1547,7.81,334,47,67
qwen3_06b,background,pct,25.0,0.3653,0.507,75.0,1329,8.0,10,19801,170,1867,9.43,334,90,0
qwen3_06b,background,pct,50.0,0.5148,0.507,50.0,3387,1.0,1,19801,655,3387,17.11,825,2,556
qwen3_06b,background,pct,50.0,0.5148,0.507,50.0,3387,1.0,3,19801,313,4071,20.56,825,5,214
qwen3_06b,background,pct,50.0,0.5148,0.507,50.0,3387,1.0,10,19801,99,4958,25.04,825,104,0
qwen3_06b,background,pct,50.0,0.5148,0.507,50.0,3387,2.0,1,19801,680,3387,17.11,590,2,556
qwen3_06b,background,pct,50.0,0.5148,0.507,50.0,3387,2.0,3,19801,338,4071,20.56,590,5,214
qwen3_06b,background,pct,50.0,0.5148,0.507,50.0,3387,2.0,10,19801,124,4957,25.03,590,88,0
qwen3_06b,background,pct,50.0,0.5148,0.507,50.0,3387,4.0,1,19801,713,3387,17.11,400,3,562
qwen3_06b,background,pct,50.0,0.5148,0.507,50.0,3387,4.0,3,19801,371,4071,20.56,400,6,220
qwen3_06b,background,pct,50.0,0.5148,0.507,50.0,3387,4.0,10,19801,151,4997,25.24,400,72,0
qwen3_06b,background,pct,50.0,0.5148,0.507,50.0,3387,8.0,1,19801,765,3387,17.11,283,3,570
qwen3_06b,background,pct,50.0,0.5148,0.507,50.0,3387,8.0,3,19801,423,4071,20.56,283,7,228
qwen3_06b,background,pct,50.0,0.5148,0.507,50.0,3387,8.0,10,19801,195,5046,25.48,283,60,0
bge_m3,raw,abs,0.0,0.0,0.7519,100.0,0,1.0,1,19801,49,0,0.0,1768,297,0
bge_m3,raw,abs,0.0,0.0,0.7519,100.0,0,1.0,3,19801,49,0,0.0,1768,297,0
bge_m3,raw,abs,0.0,0.0,0.7519,100.0,0,1.0,10,19801,49,0,0.0,1768,297,0
bge_m3,raw,abs,0.0,0.0,0.7519,100.0,0,2.0,1,19801,72,0,0.0,836,237,0
bge_m3,raw,abs,0.0,0.0,0.7519,100.0,0,2.0,3,19801,72,0,0.0,836,237,0
bge_m3,raw,abs,0.0,0.0,0.7519,100.0,0,2.0,10,19801,72,0,0.0,836,237,0
bge_m3,raw,abs,0.0,0.0,0.7519,100.0,0,4.0,1,19801,106,0,0.0,585,166,0
bge_m3,raw,abs,0.0,0.0,0.7519,100.0,0,4.0,3,19801,106,0,0.0,585,166,0
bge_m3,raw,abs,0.0,0.0,0.7519,100.0,0,4.0,10,19801,106,0,0.0,585,166,0
bge_m3,raw,abs,0.0,0.0,0.7519,100.0,0,8.0,1,19801,163,0,0.0,512,109,0
bge_m3,raw,abs,0.0,0.0,0.7519,100.0,0,8.0,3,19801,163,0,0.0,512,109,0
bge_m3,raw,abs,0.0,0.0,0.7519,100.0,0,8.0,10,19801,163,0,0.0,512,109,0
bge_m3,raw,abs,0.5,0.5,0.7519,98.7,24,1.0,1,19801,51,24,0.12,1684,285,1
bge_m3,raw,abs,0.5,0.5,0.7519,98.7,24,1.0,3,19801,50,26,0.13,1684,287,0
bge_m3,raw,abs,0.5,0.5,0.7519,98.7,24,1.0,10,19801,50,26,0.13,1684,287,0
bge_m3,raw,abs,0.5,0.5,0.7519,98.7,24,2.0,1,19801,73,24,0.12,869,235,1
bge_m3,raw,abs,0.5,0.5,0.7519,98.7,24,2.0,3,19801,72,26,0.13,869,237,0
bge_m3,raw,abs,0.5,0.5,0.7519,98.7,24,2.0,10,19801,72,26,0.13,869,237,0
bge_m3,raw,abs,0.5,0.5,0.7519,98.7,24,4.0,1,19801,107,24,0.12,597,178,1
bge_m3,raw,abs,0.5,0.5,0.7519,98.7,24,4.0,3,19801,106,26,0.13,597,179,0
bge_m3,raw,abs,0.5,0.5,0.7519,98.7,24,4.0,10,19801,106,26,0.13,597,179,0
bge_m3,raw,abs,0.5,0.5,0.7519,98.7,24,8.0,1,19801,161,24,0.12,521,102,1
bge_m3,raw,abs,0.5,0.5,0.7519,98.7,24,8.0,3,19801,160,26,0.13,521,102,0
bge_m3,raw,abs,0.5,0.5,0.7519,98.7,24,8.0,10,19801,160,26,0.13,521,102,0
bge_m3,raw,abs,0.7,0.7,0.7519,69.8,1556,1.0,1,19801,322,1556,7.86,1515,3,256
bge_m3,raw,abs,0.7,0.7,0.7519,69.8,1556,1.0,3,19801,163,1874,9.46,1515,6,97
bge_m3,raw,abs,0.7,0.7,0.7519,69.8,1556,1.0,10,19801,66,2279,11.51,1515,201,0
bge_m3,raw,abs,0.7,0.7,0.7519,69.8,1556,2.0,1,19801,341,1556,7.86,807,3,257
bge_m3,raw,abs,0.7,0.7,0.7519,69.8,1556,2.0,3,19801,182,1874,9.46,807,8,98
bge_m3,raw,abs,0.7,0.7,0.7519,69.8,1556,2.0,10,19801,84,2295,11.59,807,181,0
bge_m3,raw,abs,0.7,0.7,0.7519,69.8,1556,4.0,1,19801,375,1556,7.86,544,3,255
bge_m3,raw,abs,0.7,0.7,0.7519,69.8,1556,4.0,3,19801,216,1874,9.46,544,21,96
bge_m3,raw,abs,0.7,0.7,0.7519,69.8,1556,4.0,10,19801,120,2278,11.5,544,130,0
bge_m3,raw,abs,0.7,0.7,0.7519,69.8,1556,8.0,1,19801,425,1556,7.86,370,4,259
bge_m3,raw,abs,0.7,0.7,0.7519,69.8,1556,8.0,3,19801,266,1874,9.46,370,32,100
bge_m3,raw,abs,0.7,0.7,0.7519,69.8,1556,8.0,10,19801,166,2301,11.62,370,84,0
bge_m3,raw,pct,0.0,0.0,0.7519,100.0,0,1.0,1,19801,49,0,0.0,1768,297,0
bge_m3,raw,pct,0.0,0.0,0.7519,100.0,0,1.0,3,19801,49,0,0.0,1768,297,0
bge_m3,raw,pct,0.0,0.0,0.7519,100.0,0,1.0,10,19801,49,0,0.0,1768,297,0
bge_m3,raw,pct,0.0,0.0,0.7519,100.0,0,2.0,1,19801,72,0,0.0,836,237,0
bge_m3,raw,pct,0.0,0.0,0.7519,100.0,0,2.0,3,19801,72,0,0.0,836,237,0
bge_m3,raw,pct,0.0,0.0,0.7519,100.0,0,2.0,10,19801,72,0,0.0,836,237,0
bge_m3,raw,pct,0.0,0.0,0.7519,100.0,0,4.0,1,19801,106,0,0.0,585,166,0
bge_m3,raw,pct,0.0,0.0,0.7519,100.0,0,4.0,3,19801,106,0,0.0,585,166,0
bge_m3,raw,pct,0.0,0.0,0.7519,100.0,0,4.0,10,19801,106,0,0.0,585,166,0
bge_m3,raw,pct,0.0,0.0,0.7519,100.0,0,8.0,1,19801,163,0,0.0,512,109,0
bge_m3,raw,pct,0.0,0.0,0.7519,100.0,0,8.0,3,19801,163,0,0.0,512,109,0
bge_m3,raw,pct,0.0,0.0,0.7519,100.0,0,8.0,10,19801,163,0,0.0,512,109,0
bge_m3,raw,pct,25.0,0.6801,0.7519,75.0,1238,1.0,1,19801,262,1238,6.25,1406,3,199
bge_m3,raw,pct,25.0,0.6801,0.7519,75.0,1238,1.0,3,19801,142,1478,7.46,1406,7,79
bge_m3,raw,pct,25.0,0.6801,0.7519,75.0,1238,1.0,10,19801,63,1804,9.11,1406,211,0
bge_m3,raw,pct,25.0,0.6801,0.7519,75.0,1238,2.0,1,19801,288,1238,6.25,771,3,200
bge_m3,raw,pct,25.0,0.6801,0.7519,75.0,1238,2.0,3,19801,168,1478,7.46,771,11,80
bge_m3,raw,pct,25.0,0.6801,0.7519,75.0,1238,2.0,10,19801,88,1811,9.15,771,170,0
bge_m3,raw,pct,25.0,0.6801,0.7519,75.0,1238,4.0,1,19801,314,1238,6.25,584,3,199
bge_m3,raw,pct,25.0,0.6801,0.7519,75.0,1238,4.0,3,19801,194,1478,7.46,584,35,79
bge_m3,raw,pct,25.0,0.6801,0.7519,75.0,1238,4.0,10,19801,115,1802,9.1,584,142,0
bge_m3,raw,pct,25.0,0.6801,0.7519,75.0,1238,8.0,1,19801,370,1238,6.25,485,5,205
bge_m3,raw,pct,25.0,0.6801,0.7519,75.0,1238,8.0,3,19801,250,1478,7.46,485,41,85
bge_m3,raw,pct,25.0,0.6801,0.7519,75.0,1238,8.0,10,19801,165,1843,9.31,485,87,0
bge_m3,raw,pct,50.0,0.7613,0.7519,50.0,2934,1.0,1,19801,568,2934,14.82,1018,2,469
bge_m3,raw,pct,50.0,0.7613,0.7519,50.0,2934,1.0,3,19801,284,3502,17.69,1018,5,185
bge_m3,raw,pct,50.0,0.7613,0.7519,50.0,2934,1.0,10,19801,99,4280,21.62,1018,94,0
bge_m3,raw,pct,50.0,0.7613,0.7519,50.0,2934,2.0,1,19801,595,2934,14.82,683,3,471
bge_m3,raw,pct,50.0,0.7613,0.7519,50.0,2934,2.0,3,19801,311,3502,17.69,683,6,187
bge_m3,raw,pct,50.0,0.7613,0.7519,50.0,2934,2.0,10,19801,124,4291,21.67,683,85,0
bge_m3,raw,pct,50.0,0.7613,0.7519,50.0,2934,4.0,1,19801,629,2934,14.82,477,3,474
bge_m3,raw,pct,50.0,0.7613,0.7519,50.0,2934,4.0,3,19801,345,3502,17.69,477,7,190
bge_m3,raw,pct,50.0,0.7613,0.7519,50.0,2934,4.0,10,19801,155,4316,21.8,477,69,0
bge_m3,raw,pct,50.0,0.7613,0.7519,50.0,2934,8.0,1,19801,683,2934,14.82,350,3,484
bge_m3,raw,pct,50.0,0.7613,0.7519,50.0,2934,8.0,3,19801,399,3502,17.69,350,9,200
bge_m3,raw,pct,50.0,0.7613,0.7519,50.0,2934,8.0,10,19801,199,4376,22.1,350,55,0
bge_m3,background,abs,0.0,0.0,0.5074,100.0,0,1.0,1,19801,50,0,0.0,1239,313,0
bge_m3,background,abs,0.0,0.0,0.5074,100.0,0,1.0,3,19801,50,0,0.0,1239,313,0
bge_m3,background,abs,0.0,0.0,0.5074,100.0,0,1.0,10,19801,50,0,0.0,1239,313,0
bge_m3,background,abs,0.0,0.0,0.5074,100.0,0,2.0,1,19801,76,0,0.0,809,227,0
bge_m3,background,abs,0.0,0.0,0.5074,100.0,0,2.0,3,19801,76,0,0.0,809,227,0
bge_m3,background,abs,0.0,0.0,0.5074,100.0,0,2.0,10,19801,76,0,0.0,809,227,0
bge_m3,background,abs,0.0,0.0,0.5074,100.0,0,4.0,1,19801,109,0,0.0,688,156,0
bge_m3,background,abs,0.0,0.0,0.5074,100.0,0,4.0,3,19801,109,0,0.0,688,156,0
bge_m3,background,abs,0.0,0.0,0.5074,100.0,0,4.0,10,19801,109,0,0.0,688,156,0
bge_m3,background,abs,0.0,0.0,0.5074,100.0,0,8.0,1,19801,167,0,0.0,406,103,0
bge_m3,background,abs,0.0,0.0,0.5074,100.0,0,8.0,3,19801,167,0,0.0,406,103,0
bge_m3,background,abs,0.0,0.0,0.5074,100.0,0,8.0,10,19801,167,0,0.0,406,103,0
bge_m3,background,abs,0.5,0.5,0.5074,53.1,2735,1.0,1,19801,510,2735,13.81,875,2,430
bge_m3,background,abs,0.5,0.5,0.5074,53.1,2735,1.0,3,19801,255,3245,16.39,875,5,175
bge_m3,background,abs,0.5,0.5,0.5074,53.1,2735,1.0,10,19801,80,3992,20.16,875,152,0
bge_m3,background,abs,0.5,0.5,0.5074,53.1,2735,2.0,1,19801,543,2735,13.81,589,3,434
bge_m3,background,abs,0.5,0.5,0.5074,53.1,2735,2.0,3,19801,288,3245,16.39,589,5,179
bge_m3,background,abs,0.5,0.5,0.5074,53.1,2735,2.0,10,19801,109,4019,20.3,589,114,0
bge_m3,background,abs,0.5,0.5,0.5074,53.1,2735,4.0,1,19801,583,2735,13.81,433,3,438
bge_m3,background,abs,0.5,0.5,0.5074,53.1,2735,4.0,3,19801,328,3245,16.39,433,7,183
bge_m3,background,abs,0.5,0.5,0.5074,53.1,2735,4.0,10,19801,145,4048,20.44,433,77,0
bge_m3,background,abs,0.5,0.5,0.5074,53.1,2735,8.0,1,19801,647,2735,13.81,350,3,452
bge_m3,background,abs,0.5,0.5,0.5074,53.1,2735,8.0,3,19801,392,3245,16.39,350,9,197
bge_m3,background,abs,0.5,0.5,0.5074,53.1,2735,8.0,10,19801,195,4121,20.81,350,55,0
bge_m3,background,abs,0.7,0.7,0.5074,14.5,8029,1.0,1,19801,1680,8029,40.55,305,2,1539
bge_m3,background,abs,0.7,0.7,0.5074,14.5,8029,1.0,3,19801,786,9817,49.58,305,4,645
bge_m3,background,abs,0.7,0.7,0.5074,14.5,8029,1.0,10,19801,141,12584,63.55,305,24,0
bge_m3,background,abs,0.7,0.7,0.5074,14.5,8029,2.0,1,19801,1701,8029,40.55,299,2,1544
bge_m3,background,abs,0.7,0.7,0.5074,14.5,8029,2.0,3,19801,807,9817,49.58,299,4,650
bge_m3,background,abs,0.7,0.7,0.5074,14.5,8029,2.0,10,19801,157,12621,63.74,299,23,0
bge_m3,background,abs,0.7,0.7,0.5074,14.5,8029,4.0,1,19801,1727,8029,40.55,234,2,1548
bge_m3,background,abs,0.7,0.7,0.5074,14.5,8029,4.0,3,19801,833,9817,49.58,234,4,654
bge_m3,background,abs,0.7,0.7,0.5074,14.5,8029,4.0,10,19801,179,12651,63.89,234,28,0
bge_m3,background,abs,0.7,0.7,0.5074,14.5,8029,8.0,1,19801,1775,8029,40.55,135,2,1564
bge_m3,background,abs,0.7,0.7,0.5074,14.5,8029,8.0,3,19801,881,9817,49.58,135,5,670
bge_m3,background,abs,0.7,0.7,0.5074,14.5,8029,8.0,10,19801,211,12737,64.33,135,24,0
bge_m3,background,pct,0.0,0.0,0.5074,100.0,0,1.0,1,19801,50,0,0.0,1239,313,0
bge_m3,background,pct,0.0,0.0,0.5074,100.0,0,1.0,3,19801,50,0,0.0,1239,313,0
bge_m3,background,pct,0.0,0.0,0.5074,100.0,0,1.0,10,19801,50,0,0.0,1239,313,0
bge_m3,background,pct,0.0,0.0,0.5074,100.0,0,2.0,1,19801,76,0,0.0,809,227,0
bge_m3,background,pct,0.0,0.0,0.5074,100.0,0,2.0,3,19801,76,0,0.0,809,227,0
bge_m3,background,pct,0.0,0.0,0.5074,100.0,0,2.0,10,19801,76,0,0.0,809,227,0
bge_m3,background,pct,0.0,0.0,0.5074,100.0,0,4.0,1,19801,109,0,0.0,688,156,0
bge_m3,background,pct,0.0,0.0,0.5074,100.0,0,4.0,3,19801,109,0,0.0,688,156,0
bge_m3,background,pct,0.0,0.0,0.5074,100.0,0,4.0,10,19801,109,0,0.0,688,156,0
bge_m3,background,pct,0.0,0.0,0.5074,100.0,0,8.0,1,19801,167,0,0.0,406,103,0
bge_m3,background,pct,0.0,0.0,0.5074,100.0,0,8.0,3,19801,167,0,0.0,406,103,0
bge_m3,background,pct,0.0,0.0,0.5074,100.0,0,8.0,10,19801,167,0,0.0,406,103,0
bge_m3,background,pct,25.0,0.3847,0.5074,75.0,1270,1.0,1,19801,228,1270,6.41,1559,3,167
bge_m3,background,pct,25.0,0.3847,0.5074,75.0,1270,1.0,3,19801,122,1482,7.48,1559,11,61
bge_m3,background,pct,25.0,0.3847,0.5074,75.0,1270,1.0,10,19801,61,1753,8.85,1559,217,0
bge_m3,background,pct,25.0,0.3847,0.5074,75.0,1270,2.0,1,19801,257,1270,6.41,722,3,172
bge_m3,background,pct,25.0,0.3847,0.5074,75.0,1270,2.0,3,19801,151,1482,7.48,722,35,66
bge_m3,background,pct,25.0,0.3847,0.5074,75.0,1270,2.0,10,19801,85,1771,8.94,722,174,0
bge_m3,background,pct,25.0,0.3847,0.5074,75.0,1270,4.0,1,19801,289,1270,6.41,544,4,172
bge_m3,background,pct,25.0,0.3847,0.5074,75.0,1270,4.0,3,19801,183,1482,7.48,544,57,66
bge_m3,background,pct,25.0,0.3847,0.5074,75.0,1270,4.0,10,19801,117,1765,8.91,544,124,0
bge_m3,background,pct,25.0,0.3847,0.5074,75.0,1270,8.0,1,19801,340,1270,6.41,397,9,171
bge_m3,background,pct,25.0,0.3847,0.5074,75.0,1270,8.0,3,19801,234,1482,7.48,397,59,65
bge_m3,background,pct,25.0,0.3847,0.5074,75.0,1270,8.0,10,19801,169,1775,8.96,397,88,0
bge_m3,background,pct,50.0,0.5142,0.5074,50.0,3017,1.0,1,19801,548,3017,15.24,1066,2,466
bge_m3,background,pct,50.0,0.5142,0.5074,50.0,3017,1.0,3,19801,271,3571,18.03,1066,5,189
bge_m3,background,pct,50.0,0.5142,0.5074,50.0,3017,1.0,10,19801,82,4390,22.17,1066,132,0
bge_m3,background,pct,50.0,0.5142,0.5074,50.0,3017,2.0,1,19801,581,3017,15.24,610,3,469
bge_m3,background,pct,50.0,0.5142,0.5074,50.0,3017,2.0,3,19801,304,3571,18.03,610,5,192
bge_m3,background,pct,50.0,0.5142,0.5074,50.0,3017,2.0,10,19801,112,4412,22.28,610,98,0
bge_m3,background,pct,50.0,0.5142,0.5074,50.0,3017,4.0,1,19801,615,3017,15.24,445,3,472
bge_m3,background,pct,50.0,0.5142,0.5074,50.0,3017,4.0,3,19801,338,3571,18.03,445,7,195
bge_m3,background,pct,50.0,0.5142,0.5074,50.0,3017,4.0,10,19801,143,4435,22.4,445,88,0
bge_m3,background,pct,50.0,0.5142,0.5074,50.0,3017,8.0,1,19801,678,3017,15.24,344,3,480
bge_m3,background,pct,50.0,0.5142,0.5074,50.0,3017,8.0,3,19801,401,3571,18.03,344,9,203
bge_m3,background,pct,50.0,0.5142,0.5074,50.0,3017,8.0,10,19801,198,4483,22.64,344,56,0
